gene_id	gene_symbol	description	scientific_name	common_name	tax_id	genomic_range	orientation	location	gene_type	transcript_accession	transcript_name	transcript_length	transcript_cds_coords	protein_accession	isoform_name	protein_length	protein_name
5742	PTGS1	prostaglandin-endoperoxide synthase 1	Homo sapiens	human	9606	NC_000009.12:122370533-122395703;NC_060933.1:134568002-134593163	+;+	chr 9	PROTEIN_CODING	NM_001271368.2	transcript variant 7	5373	NM_001271368.2:601-2214	NP_001258297.1	isoform 6	537	prostaglandin G/H synthase 1
5742	PTGS1	prostaglandin-endoperoxide synthase 1	Homo sapiens	human	9606	NC_000009.12:122370533-122395703;NC_060933.1:134568002-134593163	+;+	chr 9	PROTEIN_CODING	NM_001271166.2	transcript variant 5	5151	NM_001271166.2:631-1992	NP_001258095.1	isoform 5	453	prostaglandin G/H synthase 1
5742	PTGS1	prostaglandin-endoperoxide synthase 1	Homo sapiens	human	9606	NC_000009.12:122370533-122395703;NC_060933.1:134568002-134593163	+;+	chr 9	PROTEIN_CODING	NM_000962.4	transcript variant 1	5020	NM_000962.4:62-1861	NP_000953.2	isoform 1 precursor	599	prostaglandin G/H synthase 1
5742	PTGS1	prostaglandin-endoperoxide synthase 1	Homo sapiens	human	9606	NC_000009.12:122370533-122395703;NC_060933.1:134568002-134593163	+;+	chr 9	PROTEIN_CODING	NM_080591.3	transcript variant 2	4909	NM_080591.3:62-1750	NP_542158.1	isoform 2 precursor	562	prostaglandin G/H synthase 1
5742	PTGS1	prostaglandin-endoperoxide synthase 1	Homo sapiens	human	9606	NC_000009.12:122370533-122395703;NC_060933.1:134568002-134593163	+;+	chr 9	PROTEIN_CODING	NM_001271164.2	transcript variant 3	4876	NM_001271164.2:62-1717	NP_001258093.1	isoform 3 precursor	551	prostaglandin G/H synthase 1
5742	PTGS1	prostaglandin-endoperoxide synthase 1	Homo sapiens	human	9606	NC_000009.12:122370533-122395703;NC_060933.1:134568002-134593163	+;+	chr 9	PROTEIN_CODING	NM_001271367.2	transcript variant 6	4880	NM_001271367.2:360-1721	NP_001258296.1	isoform 5	453	prostaglandin G/H synthase 1
5742	PTGS1	prostaglandin-endoperoxide synthase 1	Homo sapiens	human	9606	NC_000009.12:122370533-122395703;NC_060933.1:134568002-134593163	+;+	chr 9	PROTEIN_CODING	NM_001271165.2	transcript variant 4	5008	NM_001271165.2:377-1849	NP_001258094.1	isoform 4	490	prostaglandin G/H synthase 1
