gene_id	gene_symbol	description	scientific_name	common_name	tax_id	genomic_range	orientation	location	gene_type	transcript_accession	transcript_name	transcript_length	transcript_cds_coords	protein_accession	isoform_name	protein_length	protein_name
55337	SHFL	shiftless antiviral inhibitor of ribosomal frameshifting	Homo sapiens	human	9606	NC_000019.10:10086317-10093243;NC_060943.1:10212537-10219461	+;+	chr 19	PROTEIN_CODING	NM_018381.4	transcript variant 1	1928	NM_018381.4:112-987	NP_060851.2	isoform 1	291	shiftless antiviral inhibitor of ribosomal frameshifting protein
55337	SHFL	shiftless antiviral inhibitor of ribosomal frameshifting	Homo sapiens	human	9606	NC_000019.10:10086317-10093243;NC_060943.1:10212537-10219461	+;+	chr 19	PROTEIN_CODING	NM_001308277.2	transcript variant 2	1820	NM_001308277.2:112-879	NP_001295206.1	isoform 2	255	shiftless antiviral inhibitor of ribosomal frameshifting protein
55337	SHFL	shiftless antiviral inhibitor of ribosomal frameshifting	Homo sapiens	human	9606	NC_000019.10:10086317-10093243;NC_060943.1:10212537-10219461	+;+	chr 19	PROTEIN_CODING	XM_047439048.1	transcript variant X3	1144	XM_047439048.1:112-813	XP_047295004.1	isoform X3	233	shiftless antiviral inhibitor of ribosomal frameshifting protein
55337	SHFL	shiftless antiviral inhibitor of ribosomal frameshifting	Homo sapiens	human	9606	NC_000019.10:10086317-10093243;NC_060943.1:10212537-10219461	+;+	chr 19	PROTEIN_CODING	XM_011528122.2	transcript variant X4	746	XM_011528122.2:112-585	XP_011526424.1	isoform X4	157	shiftless antiviral inhibitor of ribosomal frameshifting protein
55337	SHFL	shiftless antiviral inhibitor of ribosomal frameshifting	Homo sapiens	human	9606	NC_000019.10:10086317-10093243;NC_060943.1:10212537-10219461	+;+	chr 19	PROTEIN_CODING	XM_047439046.1	transcript variant X1	1790	XM_047439046.1:91-849	XP_047295002.1	isoform X1	252	shiftless antiviral inhibitor of ribosomal frameshifting protein
55337	SHFL	shiftless antiviral inhibitor of ribosomal frameshifting	Homo sapiens	human	9606	NC_000019.10:10086317-10093243;NC_060943.1:10212537-10219461	+;+	chr 19	PROTEIN_CODING	XM_047439047.1	transcript variant X2	1765	XM_047439047.1:102-824	XP_047295003.1	isoform X2	240	shiftless antiviral inhibitor of ribosomal frameshifting protein
55337	SHFL	shiftless antiviral inhibitor of ribosomal frameshifting	Homo sapiens	human	9606	NC_000019.10:10086317-10093243;NC_060943.1:10212537-10219461	+;+	chr 19	PROTEIN_CODING	XM_054321378.1	transcript variant X3	1144	XM_054321378.1:112-813	XP_054177353.1	isoform X3	233	shiftless antiviral inhibitor of ribosomal frameshifting protein
55337	SHFL	shiftless antiviral inhibitor of ribosomal frameshifting	Homo sapiens	human	9606	NC_000019.10:10086317-10093243;NC_060943.1:10212537-10219461	+;+	chr 19	PROTEIN_CODING	XM_054321379.1	transcript variant X4	746	XM_054321379.1:112-585	XP_054177354.1	isoform X4	157	shiftless antiviral inhibitor of ribosomal frameshifting protein
55337	SHFL	shiftless antiviral inhibitor of ribosomal frameshifting	Homo sapiens	human	9606	NC_000019.10:10086317-10093243;NC_060943.1:10212537-10219461	+;+	chr 19	PROTEIN_CODING	XM_054321376.1	transcript variant X1	1790	XM_054321376.1:91-849	XP_054177351.1	isoform X1	252	shiftless antiviral inhibitor of ribosomal frameshifting protein
55337	SHFL	shiftless antiviral inhibitor of ribosomal frameshifting	Homo sapiens	human	9606	NC_000019.10:10086317-10093243;NC_060943.1:10212537-10219461	+;+	chr 19	PROTEIN_CODING	XM_054321377.1	transcript variant X2	1765	XM_054321377.1:102-824	XP_054177352.1	isoform X2	240	shiftless antiviral inhibitor of ribosomal frameshifting protein
